<?xml version="1.0" encoding="UTF-8"?>
<project-private xmlns="http://www.netbeans.org/ns/project-private/1">
    <editor-bookmarks xmlns="http://www.netbeans.org/ns/editor-bookmarks/2" lastBookmarkId="0"/>
    <open-files xmlns="http://www.netbeans.org/ns/projectui-open-files/2">
        <group>
            <file>file:/C:/Users/Vijeth%20S/OneDrive/Desktop/AED/Assignment-3/satishreddy_vijeth_002815735_labs/Lab%206/src/main/Lab_6_Main.java</file>
            <file>file:/C:/Users/Vijeth%20S/OneDrive/Desktop/AED/Assignment-3/satishreddy_vijeth_002815735_labs/Lab%206/src/analytics/AnalysisHelper.java</file>
            <file>file:/C:/Users/Vijeth%20S/OneDrive/Desktop/AED/Assignment-3/satishreddy_vijeth_002815735_labs/Lab%206/src/analytics/UserMapComparator.java</file>
        </group>
    </open-files>
</project-private>
